Cluster,Education_ord,Income,Age,Total_Spend,NumWebPurchases,NumStorePurchases,NumCatalogPurchases,Total_Campaign_Accepted,Digital_Engagement,Family_Size,Customer_Tenure,Spend_per_Purchase
0,3.531791907514451,77659.58092485549,57.97687861271676,1381.9961464354528,4.616570327552987,8.102119460500964,6.059730250481696,1.0886319845857417,7.127167630057803,1.6897880539499037,4541.371868978806,68.9123574432687
1,3.1132075471698113,29526.866209262436,48.75986277873071,97.13722126929675,2.16295025728988,3.1149228130360207,0.5094339622641509,0.20926243567753003,9.058319039451115,2.449399656946827,4549.572898799314,9.92444574237485
2,3.6121794871794872,59597.508012820515,60.36378205128205,829.8926282051282,6.967948717948718,8.100961538461538,3.4198717948717947,0.40224358974358976,12.817307692307692,2.8108974358974357,4628.865384615385,35.464425184041666
3,3.59727626459144,43414.556420233464,62.12256809338521,126.94163424124514,2.227626459143969,3.684824902723735,0.7529182879377432,0.122568093385214,7.939688715953308,3.412451361867704,4496.496108949416,10.898007242973197
